Commit_Number,Unique_CWE_Count,Unique_CWEs
1,12,https://cwe.mitre.org/data/definitions/22.html; https://cwe.mitre.org/data/definitions/78.html; https://cwe.mitre.org/data/definitions/703.html; https://cwe.mitre.org/data/definitions/400.html; https://cwe.mitre.org/data/definitions/259.html; https://cwe.mitre.org/data/definitions/295.html; https://cwe.mitre.org/data/definitions/89.html; https://cwe.mitre.org/data/definitions/502.html; https://cwe.mitre.org/data/definitions/605.html; https://cwe.mitre.org/data/definitions/327.html; https://cwe.mitre.org/data/definitions/330.html; https://cwe.mitre.org/data/definitions/20.html
2,12,https://cwe.mitre.org/data/definitions/22.html; https://cwe.mitre.org/data/definitions/78.html; https://cwe.mitre.org/data/definitions/703.html; https://cwe.mitre.org/data/definitions/400.html; https://cwe.mitre.org/data/definitions/259.html; https://cwe.mitre.org/data/definitions/295.html; https://cwe.mitre.org/data/definitions/89.html; https://cwe.mitre.org/data/definitions/502.html; https://cwe.mitre.org/data/definitions/605.html; https://cwe.mitre.org/data/definitions/327.html; https://cwe.mitre.org/data/definitions/330.html; https://cwe.mitre.org/data/definitions/20.html
3,12,https://cwe.mitre.org/data/definitions/22.html; https://cwe.mitre.org/data/definitions/78.html; https://cwe.mitre.org/data/definitions/703.html; https://cwe.mitre.org/data/definitions/400.html; https://cwe.mitre.org/data/definitions/259.html; https://cwe.mitre.org/data/definitions/295.html; https://cwe.mitre.org/data/definitions/89.html; https://cwe.mitre.org/data/definitions/502.html; https://cwe.mitre.org/data/definitions/605.html; https://cwe.mitre.org/data/definitions/327.html; https://cwe.mitre.org/data/definitions/330.html; https://cwe.mitre.org/data/definitions/20.html
4,12,https://cwe.mitre.org/data/definitions/22.html; https://cwe.mitre.org/data/definitions/78.html; https://cwe.mitre.org/data/definitions/703.html; https://cwe.mitre.org/data/definitions/400.html; https://cwe.mitre.org/data/definitions/259.html; https://cwe.mitre.org/data/definitions/295.html; https://cwe.mitre.org/data/definitions/89.html; https://cwe.mitre.org/data/definitions/502.html; https://cwe.mitre.org/data/definitions/605.html; https://cwe.mitre.org/data/definitions/327.html; https://cwe.mitre.org/data/definitions/330.html; https://cwe.mitre.org/data/definitions/20.html
5,12,https://cwe.mitre.org/data/definitions/22.html; https://cwe.mitre.org/data/definitions/78.html; https://cwe.mitre.org/data/definitions/703.html; https://cwe.mitre.org/data/definitions/400.html; https://cwe.mitre.org/data/definitions/259.html; https://cwe.mitre.org/data/definitions/295.html; https://cwe.mitre.org/data/definitions/89.html; https://cwe.mitre.org/data/definitions/502.html; https://cwe.mitre.org/data/definitions/605.html; https://cwe.mitre.org/data/definitions/327.html; https://cwe.mitre.org/data/definitions/330.html; https://cwe.mitre.org/data/definitions/20.html
6,12,https://cwe.mitre.org/data/definitions/22.html; https://cwe.mitre.org/data/definitions/78.html; https://cwe.mitre.org/data/definitions/703.html; https://cwe.mitre.org/data/definitions/400.html; https://cwe.mitre.org/data/definitions/259.html; https://cwe.mitre.org/data/definitions/295.html; https://cwe.mitre.org/data/definitions/89.html; https://cwe.mitre.org/data/definitions/502.html; https://cwe.mitre.org/data/definitions/605.html; https://cwe.mitre.org/data/definitions/327.html; https://cwe.mitre.org/data/definitions/330.html; https://cwe.mitre.org/data/definitions/20.html
7,12,https://cwe.mitre.org/data/definitions/22.html; https://cwe.mitre.org/data/definitions/78.html; https://cwe.mitre.org/data/definitions/703.html; https://cwe.mitre.org/data/definitions/400.html; https://cwe.mitre.org/data/definitions/259.html; https://cwe.mitre.org/data/definitions/295.html; https://cwe.mitre.org/data/definitions/89.html; https://cwe.mitre.org/data/definitions/502.html; https://cwe.mitre.org/data/definitions/605.html; https://cwe.mitre.org/data/definitions/327.html; https://cwe.mitre.org/data/definitions/330.html; https://cwe.mitre.org/data/definitions/20.html
8,12,https://cwe.mitre.org/data/definitions/22.html; https://cwe.mitre.org/data/definitions/78.html; https://cwe.mitre.org/data/definitions/703.html; https://cwe.mitre.org/data/definitions/400.html; https://cwe.mitre.org/data/definitions/259.html; https://cwe.mitre.org/data/definitions/295.html; https://cwe.mitre.org/data/definitions/89.html; https://cwe.mitre.org/data/definitions/502.html; https://cwe.mitre.org/data/definitions/605.html; https://cwe.mitre.org/data/definitions/327.html; https://cwe.mitre.org/data/definitions/330.html; https://cwe.mitre.org/data/definitions/20.html
9,12,https://cwe.mitre.org/data/definitions/22.html; https://cwe.mitre.org/data/definitions/78.html; https://cwe.mitre.org/data/definitions/703.html; https://cwe.mitre.org/data/definitions/400.html; https://cwe.mitre.org/data/definitions/259.html; https://cwe.mitre.org/data/definitions/295.html; https://cwe.mitre.org/data/definitions/89.html; https://cwe.mitre.org/data/definitions/502.html; https://cwe.mitre.org/data/definitions/605.html; https://cwe.mitre.org/data/definitions/327.html; https://cwe.mitre.org/data/definitions/330.html; https://cwe.mitre.org/data/definitions/20.html
10,12,https://cwe.mitre.org/data/definitions/22.html; https://cwe.mitre.org/data/definitions/78.html; https://cwe.mitre.org/data/definitions/703.html; https://cwe.mitre.org/data/definitions/400.html; https://cwe.mitre.org/data/definitions/259.html; https://cwe.mitre.org/data/definitions/295.html; https://cwe.mitre.org/data/definitions/89.html; https://cwe.mitre.org/data/definitions/502.html; https://cwe.mitre.org/data/definitions/605.html; https://cwe.mitre.org/data/definitions/327.html; https://cwe.mitre.org/data/definitions/330.html; https://cwe.mitre.org/data/definitions/20.html
11,12,https://cwe.mitre.org/data/definitions/22.html; https://cwe.mitre.org/data/definitions/78.html; https://cwe.mitre.org/data/definitions/703.html; https://cwe.mitre.org/data/definitions/400.html; https://cwe.mitre.org/data/definitions/259.html; https://cwe.mitre.org/data/definitions/295.html; https://cwe.mitre.org/data/definitions/89.html; https://cwe.mitre.org/data/definitions/502.html; https://cwe.mitre.org/data/definitions/605.html; https://cwe.mitre.org/data/definitions/327.html; https://cwe.mitre.org/data/definitions/330.html; https://cwe.mitre.org/data/definitions/20.html
12,12,https://cwe.mitre.org/data/definitions/22.html; https://cwe.mitre.org/data/definitions/78.html; https://cwe.mitre.org/data/definitions/703.html; https://cwe.mitre.org/data/definitions/400.html; https://cwe.mitre.org/data/definitions/259.html; https://cwe.mitre.org/data/definitions/295.html; https://cwe.mitre.org/data/definitions/89.html; https://cwe.mitre.org/data/definitions/502.html; https://cwe.mitre.org/data/definitions/605.html; https://cwe.mitre.org/data/definitions/327.html; https://cwe.mitre.org/data/definitions/330.html; https://cwe.mitre.org/data/definitions/20.html
13,12,https://cwe.mitre.org/data/definitions/22.html; https://cwe.mitre.org/data/definitions/78.html; https://cwe.mitre.org/data/definitions/703.html; https://cwe.mitre.org/data/definitions/400.html; https://cwe.mitre.org/data/definitions/259.html; https://cwe.mitre.org/data/definitions/295.html; https://cwe.mitre.org/data/definitions/89.html; https://cwe.mitre.org/data/definitions/502.html; https://cwe.mitre.org/data/definitions/605.html; https://cwe.mitre.org/data/definitions/327.html; https://cwe.mitre.org/data/definitions/330.html; https://cwe.mitre.org/data/definitions/20.html
14,12,https://cwe.mitre.org/data/definitions/22.html; https://cwe.mitre.org/data/definitions/78.html; https://cwe.mitre.org/data/definitions/703.html; https://cwe.mitre.org/data/definitions/400.html; https://cwe.mitre.org/data/definitions/259.html; https://cwe.mitre.org/data/definitions/295.html; https://cwe.mitre.org/data/definitions/89.html; https://cwe.mitre.org/data/definitions/502.html; https://cwe.mitre.org/data/definitions/605.html; https://cwe.mitre.org/data/definitions/327.html; https://cwe.mitre.org/data/definitions/330.html; https://cwe.mitre.org/data/definitions/20.html
15,12,https://cwe.mitre.org/data/definitions/22.html; https://cwe.mitre.org/data/definitions/78.html; https://cwe.mitre.org/data/definitions/703.html; https://cwe.mitre.org/data/definitions/400.html; https://cwe.mitre.org/data/definitions/259.html; https://cwe.mitre.org/data/definitions/295.html; https://cwe.mitre.org/data/definitions/89.html; https://cwe.mitre.org/data/definitions/502.html; https://cwe.mitre.org/data/definitions/605.html; https://cwe.mitre.org/data/definitions/327.html; https://cwe.mitre.org/data/definitions/330.html; https://cwe.mitre.org/data/definitions/20.html
16,12,https://cwe.mitre.org/data/definitions/22.html; https://cwe.mitre.org/data/definitions/78.html; https://cwe.mitre.org/data/definitions/703.html; https://cwe.mitre.org/data/definitions/400.html; https://cwe.mitre.org/data/definitions/259.html; https://cwe.mitre.org/data/definitions/295.html; https://cwe.mitre.org/data/definitions/89.html; https://cwe.mitre.org/data/definitions/502.html; https://cwe.mitre.org/data/definitions/605.html; https://cwe.mitre.org/data/definitions/327.html; https://cwe.mitre.org/data/definitions/330.html; https://cwe.mitre.org/data/definitions/20.html
17,12,https://cwe.mitre.org/data/definitions/22.html; https://cwe.mitre.org/data/definitions/78.html; https://cwe.mitre.org/data/definitions/703.html; https://cwe.mitre.org/data/definitions/400.html; https://cwe.mitre.org/data/definitions/259.html; https://cwe.mitre.org/data/definitions/295.html; https://cwe.mitre.org/data/definitions/89.html; https://cwe.mitre.org/data/definitions/502.html; https://cwe.mitre.org/data/definitions/605.html; https://cwe.mitre.org/data/definitions/327.html; https://cwe.mitre.org/data/definitions/330.html; https://cwe.mitre.org/data/definitions/20.html
18,12,https://cwe.mitre.org/data/definitions/22.html; https://cwe.mitre.org/data/definitions/78.html; https://cwe.mitre.org/data/definitions/703.html; https://cwe.mitre.org/data/definitions/400.html; https://cwe.mitre.org/data/definitions/259.html; https://cwe.mitre.org/data/definitions/295.html; https://cwe.mitre.org/data/definitions/89.html; https://cwe.mitre.org/data/definitions/502.html; https://cwe.mitre.org/data/definitions/605.html; https://cwe.mitre.org/data/definitions/327.html; https://cwe.mitre.org/data/definitions/330.html; https://cwe.mitre.org/data/definitions/20.html
19,12,https://cwe.mitre.org/data/definitions/22.html; https://cwe.mitre.org/data/definitions/78.html; https://cwe.mitre.org/data/definitions/703.html; https://cwe.mitre.org/data/definitions/400.html; https://cwe.mitre.org/data/definitions/259.html; https://cwe.mitre.org/data/definitions/295.html; https://cwe.mitre.org/data/definitions/89.html; https://cwe.mitre.org/data/definitions/502.html; https://cwe.mitre.org/data/definitions/605.html; https://cwe.mitre.org/data/definitions/327.html; https://cwe.mitre.org/data/definitions/330.html; https://cwe.mitre.org/data/definitions/20.html
20,12,https://cwe.mitre.org/data/definitions/22.html; https://cwe.mitre.org/data/definitions/78.html; https://cwe.mitre.org/data/definitions/703.html; https://cwe.mitre.org/data/definitions/400.html; https://cwe.mitre.org/data/definitions/259.html; https://cwe.mitre.org/data/definitions/295.html; https://cwe.mitre.org/data/definitions/89.html; https://cwe.mitre.org/data/definitions/502.html; https://cwe.mitre.org/data/definitions/605.html; https://cwe.mitre.org/data/definitions/327.html; https://cwe.mitre.org/data/definitions/330.html; https://cwe.mitre.org/data/definitions/20.html
21,12,https://cwe.mitre.org/data/definitions/22.html; https://cwe.mitre.org/data/definitions/78.html; https://cwe.mitre.org/data/definitions/703.html; https://cwe.mitre.org/data/definitions/400.html; https://cwe.mitre.org/data/definitions/259.html; https://cwe.mitre.org/data/definitions/295.html; https://cwe.mitre.org/data/definitions/89.html; https://cwe.mitre.org/data/definitions/502.html; https://cwe.mitre.org/data/definitions/605.html; https://cwe.mitre.org/data/definitions/327.html; https://cwe.mitre.org/data/definitions/330.html; https://cwe.mitre.org/data/definitions/20.html
22,12,https://cwe.mitre.org/data/definitions/22.html; https://cwe.mitre.org/data/definitions/78.html; https://cwe.mitre.org/data/definitions/703.html; https://cwe.mitre.org/data/definitions/400.html; https://cwe.mitre.org/data/definitions/259.html; https://cwe.mitre.org/data/definitions/295.html; https://cwe.mitre.org/data/definitions/89.html; https://cwe.mitre.org/data/definitions/502.html; https://cwe.mitre.org/data/definitions/605.html; https://cwe.mitre.org/data/definitions/327.html; https://cwe.mitre.org/data/definitions/330.html; https://cwe.mitre.org/data/definitions/20.html
23,12,https://cwe.mitre.org/data/definitions/22.html; https://cwe.mitre.org/data/definitions/78.html; https://cwe.mitre.org/data/definitions/703.html; https://cwe.mitre.org/data/definitions/400.html; https://cwe.mitre.org/data/definitions/259.html; https://cwe.mitre.org/data/definitions/295.html; https://cwe.mitre.org/data/definitions/89.html; https://cwe.mitre.org/data/definitions/502.html; https://cwe.mitre.org/data/definitions/605.html; https://cwe.mitre.org/data/definitions/327.html; https://cwe.mitre.org/data/definitions/330.html; https://cwe.mitre.org/data/definitions/20.html
24,12,https://cwe.mitre.org/data/definitions/22.html; https://cwe.mitre.org/data/definitions/78.html; https://cwe.mitre.org/data/definitions/703.html; https://cwe.mitre.org/data/definitions/400.html; https://cwe.mitre.org/data/definitions/259.html; https://cwe.mitre.org/data/definitions/295.html; https://cwe.mitre.org/data/definitions/89.html; https://cwe.mitre.org/data/definitions/502.html; https://cwe.mitre.org/data/definitions/605.html; https://cwe.mitre.org/data/definitions/327.html; https://cwe.mitre.org/data/definitions/330.html; https://cwe.mitre.org/data/definitions/20.html
25,12,https://cwe.mitre.org/data/definitions/22.html; https://cwe.mitre.org/data/definitions/78.html; https://cwe.mitre.org/data/definitions/703.html; https://cwe.mitre.org/data/definitions/400.html; https://cwe.mitre.org/data/definitions/259.html; https://cwe.mitre.org/data/definitions/295.html; https://cwe.mitre.org/data/definitions/89.html; https://cwe.mitre.org/data/definitions/502.html; https://cwe.mitre.org/data/definitions/605.html; https://cwe.mitre.org/data/definitions/327.html; https://cwe.mitre.org/data/definitions/330.html; https://cwe.mitre.org/data/definitions/20.html
26,12,https://cwe.mitre.org/data/definitions/22.html; https://cwe.mitre.org/data/definitions/78.html; https://cwe.mitre.org/data/definitions/703.html; https://cwe.mitre.org/data/definitions/400.html; https://cwe.mitre.org/data/definitions/259.html; https://cwe.mitre.org/data/definitions/295.html; https://cwe.mitre.org/data/definitions/89.html; https://cwe.mitre.org/data/definitions/502.html; https://cwe.mitre.org/data/definitions/605.html; https://cwe.mitre.org/data/definitions/327.html; https://cwe.mitre.org/data/definitions/330.html; https://cwe.mitre.org/data/definitions/20.html
27,12,https://cwe.mitre.org/data/definitions/22.html; https://cwe.mitre.org/data/definitions/78.html; https://cwe.mitre.org/data/definitions/703.html; https://cwe.mitre.org/data/definitions/400.html; https://cwe.mitre.org/data/definitions/259.html; https://cwe.mitre.org/data/definitions/295.html; https://cwe.mitre.org/data/definitions/89.html; https://cwe.mitre.org/data/definitions/502.html; https://cwe.mitre.org/data/definitions/605.html; https://cwe.mitre.org/data/definitions/327.html; https://cwe.mitre.org/data/definitions/330.html; https://cwe.mitre.org/data/definitions/20.html
28,12,https://cwe.mitre.org/data/definitions/22.html; https://cwe.mitre.org/data/definitions/78.html; https://cwe.mitre.org/data/definitions/703.html; https://cwe.mitre.org/data/definitions/400.html; https://cwe.mitre.org/data/definitions/259.html; https://cwe.mitre.org/data/definitions/295.html; https://cwe.mitre.org/data/definitions/89.html; https://cwe.mitre.org/data/definitions/502.html; https://cwe.mitre.org/data/definitions/605.html; https://cwe.mitre.org/data/definitions/327.html; https://cwe.mitre.org/data/definitions/330.html; https://cwe.mitre.org/data/definitions/20.html
29,12,https://cwe.mitre.org/data/definitions/22.html; https://cwe.mitre.org/data/definitions/78.html; https://cwe.mitre.org/data/definitions/703.html; https://cwe.mitre.org/data/definitions/400.html; https://cwe.mitre.org/data/definitions/259.html; https://cwe.mitre.org/data/definitions/295.html; https://cwe.mitre.org/data/definitions/89.html; https://cwe.mitre.org/data/definitions/502.html; https://cwe.mitre.org/data/definitions/605.html; https://cwe.mitre.org/data/definitions/327.html; https://cwe.mitre.org/data/definitions/330.html; https://cwe.mitre.org/data/definitions/20.html
30,12,https://cwe.mitre.org/data/definitions/22.html; https://cwe.mitre.org/data/definitions/78.html; https://cwe.mitre.org/data/definitions/703.html; https://cwe.mitre.org/data/definitions/400.html; https://cwe.mitre.org/data/definitions/259.html; https://cwe.mitre.org/data/definitions/295.html; https://cwe.mitre.org/data/definitions/89.html; https://cwe.mitre.org/data/definitions/502.html; https://cwe.mitre.org/data/definitions/605.html; https://cwe.mitre.org/data/definitions/327.html; https://cwe.mitre.org/data/definitions/330.html; https://cwe.mitre.org/data/definitions/20.html
31,12,https://cwe.mitre.org/data/definitions/22.html; https://cwe.mitre.org/data/definitions/78.html; https://cwe.mitre.org/data/definitions/703.html; https://cwe.mitre.org/data/definitions/400.html; https://cwe.mitre.org/data/definitions/259.html; https://cwe.mitre.org/data/definitions/295.html; https://cwe.mitre.org/data/definitions/89.html; https://cwe.mitre.org/data/definitions/502.html; https://cwe.mitre.org/data/definitions/605.html; https://cwe.mitre.org/data/definitions/327.html; https://cwe.mitre.org/data/definitions/330.html; https://cwe.mitre.org/data/definitions/20.html
32,12,https://cwe.mitre.org/data/definitions/22.html; https://cwe.mitre.org/data/definitions/78.html; https://cwe.mitre.org/data/definitions/703.html; https://cwe.mitre.org/data/definitions/400.html; https://cwe.mitre.org/data/definitions/259.html; https://cwe.mitre.org/data/definitions/295.html; https://cwe.mitre.org/data/definitions/89.html; https://cwe.mitre.org/data/definitions/502.html; https://cwe.mitre.org/data/definitions/605.html; https://cwe.mitre.org/data/definitions/327.html; https://cwe.mitre.org/data/definitions/330.html; https://cwe.mitre.org/data/definitions/20.html
33,12,https://cwe.mitre.org/data/definitions/22.html; https://cwe.mitre.org/data/definitions/78.html; https://cwe.mitre.org/data/definitions/703.html; https://cwe.mitre.org/data/definitions/400.html; https://cwe.mitre.org/data/definitions/259.html; https://cwe.mitre.org/data/definitions/295.html; https://cwe.mitre.org/data/definitions/89.html; https://cwe.mitre.org/data/definitions/502.html; https://cwe.mitre.org/data/definitions/605.html; https://cwe.mitre.org/data/definitions/327.html; https://cwe.mitre.org/data/definitions/330.html; https://cwe.mitre.org/data/definitions/20.html
34,12,https://cwe.mitre.org/data/definitions/22.html; https://cwe.mitre.org/data/definitions/78.html; https://cwe.mitre.org/data/definitions/703.html; https://cwe.mitre.org/data/definitions/400.html; https://cwe.mitre.org/data/definitions/259.html; https://cwe.mitre.org/data/definitions/295.html; https://cwe.mitre.org/data/definitions/89.html; https://cwe.mitre.org/data/definitions/502.html; https://cwe.mitre.org/data/definitions/605.html; https://cwe.mitre.org/data/definitions/327.html; https://cwe.mitre.org/data/definitions/330.html; https://cwe.mitre.org/data/definitions/20.html
35,12,https://cwe.mitre.org/data/definitions/22.html; https://cwe.mitre.org/data/definitions/78.html; https://cwe.mitre.org/data/definitions/703.html; https://cwe.mitre.org/data/definitions/400.html; https://cwe.mitre.org/data/definitions/259.html; https://cwe.mitre.org/data/definitions/295.html; https://cwe.mitre.org/data/definitions/89.html; https://cwe.mitre.org/data/definitions/502.html; https://cwe.mitre.org/data/definitions/605.html; https://cwe.mitre.org/data/definitions/327.html; https://cwe.mitre.org/data/definitions/330.html; https://cwe.mitre.org/data/definitions/20.html
36,12,https://cwe.mitre.org/data/definitions/22.html; https://cwe.mitre.org/data/definitions/78.html; https://cwe.mitre.org/data/definitions/703.html; https://cwe.mitre.org/data/definitions/400.html; https://cwe.mitre.org/data/definitions/259.html; https://cwe.mitre.org/data/definitions/295.html; https://cwe.mitre.org/data/definitions/89.html; https://cwe.mitre.org/data/definitions/502.html; https://cwe.mitre.org/data/definitions/605.html; https://cwe.mitre.org/data/definitions/327.html; https://cwe.mitre.org/data/definitions/330.html; https://cwe.mitre.org/data/definitions/20.html
37,12,https://cwe.mitre.org/data/definitions/22.html; https://cwe.mitre.org/data/definitions/78.html; https://cwe.mitre.org/data/definitions/703.html; https://cwe.mitre.org/data/definitions/400.html; https://cwe.mitre.org/data/definitions/259.html; https://cwe.mitre.org/data/definitions/295.html; https://cwe.mitre.org/data/definitions/89.html; https://cwe.mitre.org/data/definitions/502.html; https://cwe.mitre.org/data/definitions/605.html; https://cwe.mitre.org/data/definitions/327.html; https://cwe.mitre.org/data/definitions/330.html; https://cwe.mitre.org/data/definitions/20.html
38,12,https://cwe.mitre.org/data/definitions/22.html; https://cwe.mitre.org/data/definitions/78.html; https://cwe.mitre.org/data/definitions/703.html; https://cwe.mitre.org/data/definitions/400.html; https://cwe.mitre.org/data/definitions/259.html; https://cwe.mitre.org/data/definitions/295.html; https://cwe.mitre.org/data/definitions/89.html; https://cwe.mitre.org/data/definitions/502.html; https://cwe.mitre.org/data/definitions/605.html; https://cwe.mitre.org/data/definitions/327.html; https://cwe.mitre.org/data/definitions/330.html; https://cwe.mitre.org/data/definitions/20.html
39,12,https://cwe.mitre.org/data/definitions/22.html; https://cwe.mitre.org/data/definitions/78.html; https://cwe.mitre.org/data/definitions/703.html; https://cwe.mitre.org/data/definitions/400.html; https://cwe.mitre.org/data/definitions/259.html; https://cwe.mitre.org/data/definitions/295.html; https://cwe.mitre.org/data/definitions/89.html; https://cwe.mitre.org/data/definitions/502.html; https://cwe.mitre.org/data/definitions/605.html; https://cwe.mitre.org/data/definitions/327.html; https://cwe.mitre.org/data/definitions/330.html; https://cwe.mitre.org/data/definitions/20.html
40,12,https://cwe.mitre.org/data/definitions/22.html; https://cwe.mitre.org/data/definitions/78.html; https://cwe.mitre.org/data/definitions/703.html; https://cwe.mitre.org/data/definitions/400.html; https://cwe.mitre.org/data/definitions/259.html; https://cwe.mitre.org/data/definitions/295.html; https://cwe.mitre.org/data/definitions/89.html; https://cwe.mitre.org/data/definitions/502.html; https://cwe.mitre.org/data/definitions/605.html; https://cwe.mitre.org/data/definitions/327.html; https://cwe.mitre.org/data/definitions/330.html; https://cwe.mitre.org/data/definitions/20.html
41,12,https://cwe.mitre.org/data/definitions/22.html; https://cwe.mitre.org/data/definitions/78.html; https://cwe.mitre.org/data/definitions/703.html; https://cwe.mitre.org/data/definitions/400.html; https://cwe.mitre.org/data/definitions/259.html; https://cwe.mitre.org/data/definitions/295.html; https://cwe.mitre.org/data/definitions/89.html; https://cwe.mitre.org/data/definitions/502.html; https://cwe.mitre.org/data/definitions/605.html; https://cwe.mitre.org/data/definitions/327.html; https://cwe.mitre.org/data/definitions/330.html; https://cwe.mitre.org/data/definitions/20.html
42,12,https://cwe.mitre.org/data/definitions/22.html; https://cwe.mitre.org/data/definitions/78.html; https://cwe.mitre.org/data/definitions/703.html; https://cwe.mitre.org/data/definitions/400.html; https://cwe.mitre.org/data/definitions/259.html; https://cwe.mitre.org/data/definitions/295.html; https://cwe.mitre.org/data/definitions/89.html; https://cwe.mitre.org/data/definitions/502.html; https://cwe.mitre.org/data/definitions/605.html; https://cwe.mitre.org/data/definitions/327.html; https://cwe.mitre.org/data/definitions/330.html; https://cwe.mitre.org/data/definitions/20.html
43,12,https://cwe.mitre.org/data/definitions/22.html; https://cwe.mitre.org/data/definitions/78.html; https://cwe.mitre.org/data/definitions/703.html; https://cwe.mitre.org/data/definitions/400.html; https://cwe.mitre.org/data/definitions/259.html; https://cwe.mitre.org/data/definitions/295.html; https://cwe.mitre.org/data/definitions/89.html; https://cwe.mitre.org/data/definitions/502.html; https://cwe.mitre.org/data/definitions/605.html; https://cwe.mitre.org/data/definitions/327.html; https://cwe.mitre.org/data/definitions/330.html; https://cwe.mitre.org/data/definitions/20.html
44,12,https://cwe.mitre.org/data/definitions/22.html; https://cwe.mitre.org/data/definitions/78.html; https://cwe.mitre.org/data/definitions/703.html; https://cwe.mitre.org/data/definitions/400.html; https://cwe.mitre.org/data/definitions/259.html; https://cwe.mitre.org/data/definitions/295.html; https://cwe.mitre.org/data/definitions/89.html; https://cwe.mitre.org/data/definitions/502.html; https://cwe.mitre.org/data/definitions/605.html; https://cwe.mitre.org/data/definitions/327.html; https://cwe.mitre.org/data/definitions/330.html; https://cwe.mitre.org/data/definitions/20.html
45,12,https://cwe.mitre.org/data/definitions/22.html; https://cwe.mitre.org/data/definitions/78.html; https://cwe.mitre.org/data/definitions/703.html; https://cwe.mitre.org/data/definitions/400.html; https://cwe.mitre.org/data/definitions/259.html; https://cwe.mitre.org/data/definitions/295.html; https://cwe.mitre.org/data/definitions/89.html; https://cwe.mitre.org/data/definitions/502.html; https://cwe.mitre.org/data/definitions/605.html; https://cwe.mitre.org/data/definitions/327.html; https://cwe.mitre.org/data/definitions/330.html; https://cwe.mitre.org/data/definitions/20.html
46,12,https://cwe.mitre.org/data/definitions/22.html; https://cwe.mitre.org/data/definitions/78.html; https://cwe.mitre.org/data/definitions/703.html; https://cwe.mitre.org/data/definitions/400.html; https://cwe.mitre.org/data/definitions/259.html; https://cwe.mitre.org/data/definitions/295.html; https://cwe.mitre.org/data/definitions/89.html; https://cwe.mitre.org/data/definitions/502.html; https://cwe.mitre.org/data/definitions/605.html; https://cwe.mitre.org/data/definitions/327.html; https://cwe.mitre.org/data/definitions/330.html; https://cwe.mitre.org/data/definitions/20.html
47,12,https://cwe.mitre.org/data/definitions/22.html; https://cwe.mitre.org/data/definitions/78.html; https://cwe.mitre.org/data/definitions/703.html; https://cwe.mitre.org/data/definitions/400.html; https://cwe.mitre.org/data/definitions/259.html; https://cwe.mitre.org/data/definitions/295.html; https://cwe.mitre.org/data/definitions/89.html; https://cwe.mitre.org/data/definitions/502.html; https://cwe.mitre.org/data/definitions/605.html; https://cwe.mitre.org/data/definitions/327.html; https://cwe.mitre.org/data/definitions/330.html; https://cwe.mitre.org/data/definitions/20.html
48,12,https://cwe.mitre.org/data/definitions/22.html; https://cwe.mitre.org/data/definitions/78.html; https://cwe.mitre.org/data/definitions/703.html; https://cwe.mitre.org/data/definitions/400.html; https://cwe.mitre.org/data/definitions/259.html; https://cwe.mitre.org/data/definitions/295.html; https://cwe.mitre.org/data/definitions/89.html; https://cwe.mitre.org/data/definitions/502.html; https://cwe.mitre.org/data/definitions/605.html; https://cwe.mitre.org/data/definitions/327.html; https://cwe.mitre.org/data/definitions/330.html; https://cwe.mitre.org/data/definitions/20.html
49,12,https://cwe.mitre.org/data/definitions/22.html; https://cwe.mitre.org/data/definitions/78.html; https://cwe.mitre.org/data/definitions/703.html; https://cwe.mitre.org/data/definitions/400.html; https://cwe.mitre.org/data/definitions/259.html; https://cwe.mitre.org/data/definitions/295.html; https://cwe.mitre.org/data/definitions/89.html; https://cwe.mitre.org/data/definitions/502.html; https://cwe.mitre.org/data/definitions/605.html; https://cwe.mitre.org/data/definitions/327.html; https://cwe.mitre.org/data/definitions/330.html; https://cwe.mitre.org/data/definitions/20.html
50,12,https://cwe.mitre.org/data/definitions/22.html; https://cwe.mitre.org/data/definitions/78.html; https://cwe.mitre.org/data/definitions/703.html; https://cwe.mitre.org/data/definitions/400.html; https://cwe.mitre.org/data/definitions/259.html; https://cwe.mitre.org/data/definitions/295.html; https://cwe.mitre.org/data/definitions/89.html; https://cwe.mitre.org/data/definitions/502.html; https://cwe.mitre.org/data/definitions/605.html; https://cwe.mitre.org/data/definitions/327.html; https://cwe.mitre.org/data/definitions/330.html; https://cwe.mitre.org/data/definitions/20.html
51,12,https://cwe.mitre.org/data/definitions/22.html; https://cwe.mitre.org/data/definitions/78.html; https://cwe.mitre.org/data/definitions/703.html; https://cwe.mitre.org/data/definitions/400.html; https://cwe.mitre.org/data/definitions/259.html; https://cwe.mitre.org/data/definitions/295.html; https://cwe.mitre.org/data/definitions/89.html; https://cwe.mitre.org/data/definitions/502.html; https://cwe.mitre.org/data/definitions/605.html; https://cwe.mitre.org/data/definitions/327.html; https://cwe.mitre.org/data/definitions/330.html; https://cwe.mitre.org/data/definitions/20.html
52,12,https://cwe.mitre.org/data/definitions/22.html; https://cwe.mitre.org/data/definitions/78.html; https://cwe.mitre.org/data/definitions/703.html; https://cwe.mitre.org/data/definitions/400.html; https://cwe.mitre.org/data/definitions/259.html; https://cwe.mitre.org/data/definitions/295.html; https://cwe.mitre.org/data/definitions/89.html; https://cwe.mitre.org/data/definitions/502.html; https://cwe.mitre.org/data/definitions/605.html; https://cwe.mitre.org/data/definitions/327.html; https://cwe.mitre.org/data/definitions/330.html; https://cwe.mitre.org/data/definitions/20.html
53,12,https://cwe.mitre.org/data/definitions/22.html; https://cwe.mitre.org/data/definitions/78.html; https://cwe.mitre.org/data/definitions/703.html; https://cwe.mitre.org/data/definitions/400.html; https://cwe.mitre.org/data/definitions/259.html; https://cwe.mitre.org/data/definitions/295.html; https://cwe.mitre.org/data/definitions/89.html; https://cwe.mitre.org/data/definitions/502.html; https://cwe.mitre.org/data/definitions/605.html; https://cwe.mitre.org/data/definitions/327.html; https://cwe.mitre.org/data/definitions/330.html; https://cwe.mitre.org/data/definitions/20.html
54,12,https://cwe.mitre.org/data/definitions/22.html; https://cwe.mitre.org/data/definitions/78.html; https://cwe.mitre.org/data/definitions/703.html; https://cwe.mitre.org/data/definitions/400.html; https://cwe.mitre.org/data/definitions/259.html; https://cwe.mitre.org/data/definitions/295.html; https://cwe.mitre.org/data/definitions/89.html; https://cwe.mitre.org/data/definitions/502.html; https://cwe.mitre.org/data/definitions/605.html; https://cwe.mitre.org/data/definitions/327.html; https://cwe.mitre.org/data/definitions/330.html; https://cwe.mitre.org/data/definitions/20.html
55,12,https://cwe.mitre.org/data/definitions/22.html; https://cwe.mitre.org/data/definitions/78.html; https://cwe.mitre.org/data/definitions/703.html; https://cwe.mitre.org/data/definitions/400.html; https://cwe.mitre.org/data/definitions/259.html; https://cwe.mitre.org/data/definitions/295.html; https://cwe.mitre.org/data/definitions/89.html; https://cwe.mitre.org/data/definitions/502.html; https://cwe.mitre.org/data/definitions/605.html; https://cwe.mitre.org/data/definitions/327.html; https://cwe.mitre.org/data/definitions/330.html; https://cwe.mitre.org/data/definitions/20.html
56,12,https://cwe.mitre.org/data/definitions/22.html; https://cwe.mitre.org/data/definitions/78.html; https://cwe.mitre.org/data/definitions/703.html; https://cwe.mitre.org/data/definitions/400.html; https://cwe.mitre.org/data/definitions/259.html; https://cwe.mitre.org/data/definitions/295.html; https://cwe.mitre.org/data/definitions/89.html; https://cwe.mitre.org/data/definitions/502.html; https://cwe.mitre.org/data/definitions/605.html; https://cwe.mitre.org/data/definitions/327.html; https://cwe.mitre.org/data/definitions/330.html; https://cwe.mitre.org/data/definitions/20.html
57,12,https://cwe.mitre.org/data/definitions/22.html; https://cwe.mitre.org/data/definitions/78.html; https://cwe.mitre.org/data/definitions/703.html; https://cwe.mitre.org/data/definitions/400.html; https://cwe.mitre.org/data/definitions/259.html; https://cwe.mitre.org/data/definitions/295.html; https://cwe.mitre.org/data/definitions/89.html; https://cwe.mitre.org/data/definitions/502.html; https://cwe.mitre.org/data/definitions/605.html; https://cwe.mitre.org/data/definitions/327.html; https://cwe.mitre.org/data/definitions/330.html; https://cwe.mitre.org/data/definitions/20.html
58,12,https://cwe.mitre.org/data/definitions/22.html; https://cwe.mitre.org/data/definitions/78.html; https://cwe.mitre.org/data/definitions/703.html; https://cwe.mitre.org/data/definitions/400.html; https://cwe.mitre.org/data/definitions/259.html; https://cwe.mitre.org/data/definitions/295.html; https://cwe.mitre.org/data/definitions/89.html; https://cwe.mitre.org/data/definitions/502.html; https://cwe.mitre.org/data/definitions/605.html; https://cwe.mitre.org/data/definitions/327.html; https://cwe.mitre.org/data/definitions/330.html; https://cwe.mitre.org/data/definitions/20.html
59,12,https://cwe.mitre.org/data/definitions/22.html; https://cwe.mitre.org/data/definitions/78.html; https://cwe.mitre.org/data/definitions/703.html; https://cwe.mitre.org/data/definitions/400.html; https://cwe.mitre.org/data/definitions/259.html; https://cwe.mitre.org/data/definitions/295.html; https://cwe.mitre.org/data/definitions/89.html; https://cwe.mitre.org/data/definitions/502.html; https://cwe.mitre.org/data/definitions/605.html; https://cwe.mitre.org/data/definitions/327.html; https://cwe.mitre.org/data/definitions/330.html; https://cwe.mitre.org/data/definitions/20.html
60,12,https://cwe.mitre.org/data/definitions/22.html; https://cwe.mitre.org/data/definitions/78.html; https://cwe.mitre.org/data/definitions/703.html; https://cwe.mitre.org/data/definitions/400.html; https://cwe.mitre.org/data/definitions/259.html; https://cwe.mitre.org/data/definitions/295.html; https://cwe.mitre.org/data/definitions/89.html; https://cwe.mitre.org/data/definitions/502.html; https://cwe.mitre.org/data/definitions/605.html; https://cwe.mitre.org/data/definitions/327.html; https://cwe.mitre.org/data/definitions/330.html; https://cwe.mitre.org/data/definitions/20.html
61,12,https://cwe.mitre.org/data/definitions/22.html; https://cwe.mitre.org/data/definitions/78.html; https://cwe.mitre.org/data/definitions/703.html; https://cwe.mitre.org/data/definitions/400.html; https://cwe.mitre.org/data/definitions/259.html; https://cwe.mitre.org/data/definitions/295.html; https://cwe.mitre.org/data/definitions/89.html; https://cwe.mitre.org/data/definitions/502.html; https://cwe.mitre.org/data/definitions/605.html; https://cwe.mitre.org/data/definitions/327.html; https://cwe.mitre.org/data/definitions/330.html; https://cwe.mitre.org/data/definitions/20.html
62,12,https://cwe.mitre.org/data/definitions/22.html; https://cwe.mitre.org/data/definitions/78.html; https://cwe.mitre.org/data/definitions/703.html; https://cwe.mitre.org/data/definitions/400.html; https://cwe.mitre.org/data/definitions/259.html; https://cwe.mitre.org/data/definitions/295.html; https://cwe.mitre.org/data/definitions/89.html; https://cwe.mitre.org/data/definitions/502.html; https://cwe.mitre.org/data/definitions/605.html; https://cwe.mitre.org/data/definitions/327.html; https://cwe.mitre.org/data/definitions/330.html; https://cwe.mitre.org/data/definitions/20.html
63,12,https://cwe.mitre.org/data/definitions/22.html; https://cwe.mitre.org/data/definitions/78.html; https://cwe.mitre.org/data/definitions/703.html; https://cwe.mitre.org/data/definitions/400.html; https://cwe.mitre.org/data/definitions/259.html; https://cwe.mitre.org/data/definitions/295.html; https://cwe.mitre.org/data/definitions/89.html; https://cwe.mitre.org/data/definitions/502.html; https://cwe.mitre.org/data/definitions/605.html; https://cwe.mitre.org/data/definitions/327.html; https://cwe.mitre.org/data/definitions/330.html; https://cwe.mitre.org/data/definitions/20.html
64,12,https://cwe.mitre.org/data/definitions/22.html; https://cwe.mitre.org/data/definitions/78.html; https://cwe.mitre.org/data/definitions/703.html; https://cwe.mitre.org/data/definitions/400.html; https://cwe.mitre.org/data/definitions/259.html; https://cwe.mitre.org/data/definitions/295.html; https://cwe.mitre.org/data/definitions/89.html; https://cwe.mitre.org/data/definitions/502.html; https://cwe.mitre.org/data/definitions/605.html; https://cwe.mitre.org/data/definitions/327.html; https://cwe.mitre.org/data/definitions/330.html; https://cwe.mitre.org/data/definitions/20.html
65,12,https://cwe.mitre.org/data/definitions/22.html; https://cwe.mitre.org/data/definitions/78.html; https://cwe.mitre.org/data/definitions/703.html; https://cwe.mitre.org/data/definitions/400.html; https://cwe.mitre.org/data/definitions/259.html; https://cwe.mitre.org/data/definitions/295.html; https://cwe.mitre.org/data/definitions/89.html; https://cwe.mitre.org/data/definitions/502.html; https://cwe.mitre.org/data/definitions/605.html; https://cwe.mitre.org/data/definitions/327.html; https://cwe.mitre.org/data/definitions/330.html; https://cwe.mitre.org/data/definitions/20.html
66,12,https://cwe.mitre.org/data/definitions/22.html; https://cwe.mitre.org/data/definitions/78.html; https://cwe.mitre.org/data/definitions/703.html; https://cwe.mitre.org/data/definitions/400.html; https://cwe.mitre.org/data/definitions/259.html; https://cwe.mitre.org/data/definitions/295.html; https://cwe.mitre.org/data/definitions/89.html; https://cwe.mitre.org/data/definitions/502.html; https://cwe.mitre.org/data/definitions/605.html; https://cwe.mitre.org/data/definitions/327.html; https://cwe.mitre.org/data/definitions/330.html; https://cwe.mitre.org/data/definitions/20.html
67,12,https://cwe.mitre.org/data/definitions/22.html; https://cwe.mitre.org/data/definitions/78.html; https://cwe.mitre.org/data/definitions/703.html; https://cwe.mitre.org/data/definitions/400.html; https://cwe.mitre.org/data/definitions/259.html; https://cwe.mitre.org/data/definitions/295.html; https://cwe.mitre.org/data/definitions/89.html; https://cwe.mitre.org/data/definitions/502.html; https://cwe.mitre.org/data/definitions/605.html; https://cwe.mitre.org/data/definitions/327.html; https://cwe.mitre.org/data/definitions/330.html; https://cwe.mitre.org/data/definitions/20.html
68,12,https://cwe.mitre.org/data/definitions/22.html; https://cwe.mitre.org/data/definitions/78.html; https://cwe.mitre.org/data/definitions/703.html; https://cwe.mitre.org/data/definitions/400.html; https://cwe.mitre.org/data/definitions/259.html; https://cwe.mitre.org/data/definitions/295.html; https://cwe.mitre.org/data/definitions/89.html; https://cwe.mitre.org/data/definitions/502.html; https://cwe.mitre.org/data/definitions/605.html; https://cwe.mitre.org/data/definitions/327.html; https://cwe.mitre.org/data/definitions/330.html; https://cwe.mitre.org/data/definitions/20.html
69,12,https://cwe.mitre.org/data/definitions/22.html; https://cwe.mitre.org/data/definitions/78.html; https://cwe.mitre.org/data/definitions/703.html; https://cwe.mitre.org/data/definitions/400.html; https://cwe.mitre.org/data/definitions/259.html; https://cwe.mitre.org/data/definitions/295.html; https://cwe.mitre.org/data/definitions/89.html; https://cwe.mitre.org/data/definitions/502.html; https://cwe.mitre.org/data/definitions/605.html; https://cwe.mitre.org/data/definitions/327.html; https://cwe.mitre.org/data/definitions/330.html; https://cwe.mitre.org/data/definitions/20.html
70,12,https://cwe.mitre.org/data/definitions/22.html; https://cwe.mitre.org/data/definitions/78.html; https://cwe.mitre.org/data/definitions/703.html; https://cwe.mitre.org/data/definitions/400.html; https://cwe.mitre.org/data/definitions/259.html; https://cwe.mitre.org/data/definitions/295.html; https://cwe.mitre.org/data/definitions/89.html; https://cwe.mitre.org/data/definitions/502.html; https://cwe.mitre.org/data/definitions/605.html; https://cwe.mitre.org/data/definitions/327.html; https://cwe.mitre.org/data/definitions/330.html; https://cwe.mitre.org/data/definitions/20.html
71,12,https://cwe.mitre.org/data/definitions/22.html; https://cwe.mitre.org/data/definitions/78.html; https://cwe.mitre.org/data/definitions/703.html; https://cwe.mitre.org/data/definitions/400.html; https://cwe.mitre.org/data/definitions/259.html; https://cwe.mitre.org/data/definitions/295.html; https://cwe.mitre.org/data/definitions/89.html; https://cwe.mitre.org/data/definitions/502.html; https://cwe.mitre.org/data/definitions/605.html; https://cwe.mitre.org/data/definitions/327.html; https://cwe.mitre.org/data/definitions/330.html; https://cwe.mitre.org/data/definitions/20.html
72,12,https://cwe.mitre.org/data/definitions/22.html; https://cwe.mitre.org/data/definitions/78.html; https://cwe.mitre.org/data/definitions/703.html; https://cwe.mitre.org/data/definitions/400.html; https://cwe.mitre.org/data/definitions/259.html; https://cwe.mitre.org/data/definitions/295.html; https://cwe.mitre.org/data/definitions/89.html; https://cwe.mitre.org/data/definitions/502.html; https://cwe.mitre.org/data/definitions/605.html; https://cwe.mitre.org/data/definitions/327.html; https://cwe.mitre.org/data/definitions/330.html; https://cwe.mitre.org/data/definitions/20.html
73,12,https://cwe.mitre.org/data/definitions/22.html; https://cwe.mitre.org/data/definitions/78.html; https://cwe.mitre.org/data/definitions/703.html; https://cwe.mitre.org/data/definitions/400.html; https://cwe.mitre.org/data/definitions/259.html; https://cwe.mitre.org/data/definitions/295.html; https://cwe.mitre.org/data/definitions/89.html; https://cwe.mitre.org/data/definitions/502.html; https://cwe.mitre.org/data/definitions/605.html; https://cwe.mitre.org/data/definitions/327.html; https://cwe.mitre.org/data/definitions/330.html; https://cwe.mitre.org/data/definitions/20.html
74,12,https://cwe.mitre.org/data/definitions/22.html; https://cwe.mitre.org/data/definitions/78.html; https://cwe.mitre.org/data/definitions/703.html; https://cwe.mitre.org/data/definitions/400.html; https://cwe.mitre.org/data/definitions/259.html; https://cwe.mitre.org/data/definitions/295.html; https://cwe.mitre.org/data/definitions/89.html; https://cwe.mitre.org/data/definitions/502.html; https://cwe.mitre.org/data/definitions/605.html; https://cwe.mitre.org/data/definitions/327.html; https://cwe.mitre.org/data/definitions/330.html; https://cwe.mitre.org/data/definitions/20.html
75,12,https://cwe.mitre.org/data/definitions/22.html; https://cwe.mitre.org/data/definitions/78.html; https://cwe.mitre.org/data/definitions/703.html; https://cwe.mitre.org/data/definitions/400.html; https://cwe.mitre.org/data/definitions/259.html; https://cwe.mitre.org/data/definitions/295.html; https://cwe.mitre.org/data/definitions/89.html; https://cwe.mitre.org/data/definitions/502.html; https://cwe.mitre.org/data/definitions/605.html; https://cwe.mitre.org/data/definitions/327.html; https://cwe.mitre.org/data/definitions/330.html; https://cwe.mitre.org/data/definitions/20.html
76,12,https://cwe.mitre.org/data/definitions/22.html; https://cwe.mitre.org/data/definitions/78.html; https://cwe.mitre.org/data/definitions/703.html; https://cwe.mitre.org/data/definitions/400.html; https://cwe.mitre.org/data/definitions/259.html; https://cwe.mitre.org/data/definitions/295.html; https://cwe.mitre.org/data/definitions/89.html; https://cwe.mitre.org/data/definitions/502.html; https://cwe.mitre.org/data/definitions/605.html; https://cwe.mitre.org/data/definitions/327.html; https://cwe.mitre.org/data/definitions/330.html; https://cwe.mitre.org/data/definitions/20.html
77,12,https://cwe.mitre.org/data/definitions/22.html; https://cwe.mitre.org/data/definitions/78.html; https://cwe.mitre.org/data/definitions/703.html; https://cwe.mitre.org/data/definitions/400.html; https://cwe.mitre.org/data/definitions/259.html; https://cwe.mitre.org/data/definitions/295.html; https://cwe.mitre.org/data/definitions/89.html; https://cwe.mitre.org/data/definitions/502.html; https://cwe.mitre.org/data/definitions/605.html; https://cwe.mitre.org/data/definitions/327.html; https://cwe.mitre.org/data/definitions/330.html; https://cwe.mitre.org/data/definitions/20.html
78,12,https://cwe.mitre.org/data/definitions/22.html; https://cwe.mitre.org/data/definitions/78.html; https://cwe.mitre.org/data/definitions/703.html; https://cwe.mitre.org/data/definitions/400.html; https://cwe.mitre.org/data/definitions/259.html; https://cwe.mitre.org/data/definitions/295.html; https://cwe.mitre.org/data/definitions/89.html; https://cwe.mitre.org/data/definitions/502.html; https://cwe.mitre.org/data/definitions/605.html; https://cwe.mitre.org/data/definitions/327.html; https://cwe.mitre.org/data/definitions/330.html; https://cwe.mitre.org/data/definitions/20.html
79,12,https://cwe.mitre.org/data/definitions/22.html; https://cwe.mitre.org/data/definitions/78.html; https://cwe.mitre.org/data/definitions/703.html; https://cwe.mitre.org/data/definitions/400.html; https://cwe.mitre.org/data/definitions/259.html; https://cwe.mitre.org/data/definitions/295.html; https://cwe.mitre.org/data/definitions/89.html; https://cwe.mitre.org/data/definitions/502.html; https://cwe.mitre.org/data/definitions/605.html; https://cwe.mitre.org/data/definitions/327.html; https://cwe.mitre.org/data/definitions/330.html; https://cwe.mitre.org/data/definitions/20.html
80,12,https://cwe.mitre.org/data/definitions/22.html; https://cwe.mitre.org/data/definitions/78.html; https://cwe.mitre.org/data/definitions/703.html; https://cwe.mitre.org/data/definitions/400.html; https://cwe.mitre.org/data/definitions/259.html; https://cwe.mitre.org/data/definitions/295.html; https://cwe.mitre.org/data/definitions/89.html; https://cwe.mitre.org/data/definitions/502.html; https://cwe.mitre.org/data/definitions/605.html; https://cwe.mitre.org/data/definitions/327.html; https://cwe.mitre.org/data/definitions/330.html; https://cwe.mitre.org/data/definitions/20.html
81,12,https://cwe.mitre.org/data/definitions/22.html; https://cwe.mitre.org/data/definitions/78.html; https://cwe.mitre.org/data/definitions/703.html; https://cwe.mitre.org/data/definitions/400.html; https://cwe.mitre.org/data/definitions/259.html; https://cwe.mitre.org/data/definitions/295.html; https://cwe.mitre.org/data/definitions/89.html; https://cwe.mitre.org/data/definitions/502.html; https://cwe.mitre.org/data/definitions/605.html; https://cwe.mitre.org/data/definitions/327.html; https://cwe.mitre.org/data/definitions/330.html; https://cwe.mitre.org/data/definitions/20.html
82,12,https://cwe.mitre.org/data/definitions/22.html; https://cwe.mitre.org/data/definitions/78.html; https://cwe.mitre.org/data/definitions/703.html; https://cwe.mitre.org/data/definitions/400.html; https://cwe.mitre.org/data/definitions/259.html; https://cwe.mitre.org/data/definitions/295.html; https://cwe.mitre.org/data/definitions/89.html; https://cwe.mitre.org/data/definitions/502.html; https://cwe.mitre.org/data/definitions/605.html; https://cwe.mitre.org/data/definitions/327.html; https://cwe.mitre.org/data/definitions/330.html; https://cwe.mitre.org/data/definitions/20.html
83,12,https://cwe.mitre.org/data/definitions/22.html; https://cwe.mitre.org/data/definitions/78.html; https://cwe.mitre.org/data/definitions/703.html; https://cwe.mitre.org/data/definitions/400.html; https://cwe.mitre.org/data/definitions/259.html; https://cwe.mitre.org/data/definitions/295.html; https://cwe.mitre.org/data/definitions/89.html; https://cwe.mitre.org/data/definitions/502.html; https://cwe.mitre.org/data/definitions/605.html; https://cwe.mitre.org/data/definitions/327.html; https://cwe.mitre.org/data/definitions/330.html; https://cwe.mitre.org/data/definitions/20.html
84,12,https://cwe.mitre.org/data/definitions/22.html; https://cwe.mitre.org/data/definitions/78.html; https://cwe.mitre.org/data/definitions/703.html; https://cwe.mitre.org/data/definitions/400.html; https://cwe.mitre.org/data/definitions/259.html; https://cwe.mitre.org/data/definitions/295.html; https://cwe.mitre.org/data/definitions/89.html; https://cwe.mitre.org/data/definitions/502.html; https://cwe.mitre.org/data/definitions/605.html; https://cwe.mitre.org/data/definitions/327.html; https://cwe.mitre.org/data/definitions/330.html; https://cwe.mitre.org/data/definitions/20.html
85,12,https://cwe.mitre.org/data/definitions/22.html; https://cwe.mitre.org/data/definitions/78.html; https://cwe.mitre.org/data/definitions/703.html; https://cwe.mitre.org/data/definitions/400.html; https://cwe.mitre.org/data/definitions/259.html; https://cwe.mitre.org/data/definitions/295.html; https://cwe.mitre.org/data/definitions/89.html; https://cwe.mitre.org/data/definitions/502.html; https://cwe.mitre.org/data/definitions/605.html; https://cwe.mitre.org/data/definitions/327.html; https://cwe.mitre.org/data/definitions/330.html; https://cwe.mitre.org/data/definitions/20.html
86,12,https://cwe.mitre.org/data/definitions/22.html; https://cwe.mitre.org/data/definitions/78.html; https://cwe.mitre.org/data/definitions/703.html; https://cwe.mitre.org/data/definitions/400.html; https://cwe.mitre.org/data/definitions/259.html; https://cwe.mitre.org/data/definitions/295.html; https://cwe.mitre.org/data/definitions/89.html; https://cwe.mitre.org/data/definitions/502.html; https://cwe.mitre.org/data/definitions/605.html; https://cwe.mitre.org/data/definitions/327.html; https://cwe.mitre.org/data/definitions/330.html; https://cwe.mitre.org/data/definitions/20.html
87,12,https://cwe.mitre.org/data/definitions/22.html; https://cwe.mitre.org/data/definitions/78.html; https://cwe.mitre.org/data/definitions/703.html; https://cwe.mitre.org/data/definitions/400.html; https://cwe.mitre.org/data/definitions/259.html; https://cwe.mitre.org/data/definitions/295.html; https://cwe.mitre.org/data/definitions/89.html; https://cwe.mitre.org/data/definitions/502.html; https://cwe.mitre.org/data/definitions/605.html; https://cwe.mitre.org/data/definitions/327.html; https://cwe.mitre.org/data/definitions/330.html; https://cwe.mitre.org/data/definitions/20.html
88,12,https://cwe.mitre.org/data/definitions/22.html; https://cwe.mitre.org/data/definitions/78.html; https://cwe.mitre.org/data/definitions/703.html; https://cwe.mitre.org/data/definitions/400.html; https://cwe.mitre.org/data/definitions/259.html; https://cwe.mitre.org/data/definitions/295.html; https://cwe.mitre.org/data/definitions/89.html; https://cwe.mitre.org/data/definitions/502.html; https://cwe.mitre.org/data/definitions/605.html; https://cwe.mitre.org/data/definitions/327.html; https://cwe.mitre.org/data/definitions/330.html; https://cwe.mitre.org/data/definitions/20.html
89,12,https://cwe.mitre.org/data/definitions/22.html; https://cwe.mitre.org/data/definitions/78.html; https://cwe.mitre.org/data/definitions/703.html; https://cwe.mitre.org/data/definitions/400.html; https://cwe.mitre.org/data/definitions/259.html; https://cwe.mitre.org/data/definitions/295.html; https://cwe.mitre.org/data/definitions/89.html; https://cwe.mitre.org/data/definitions/502.html; https://cwe.mitre.org/data/definitions/605.html; https://cwe.mitre.org/data/definitions/327.html; https://cwe.mitre.org/data/definitions/330.html; https://cwe.mitre.org/data/definitions/20.html
90,12,https://cwe.mitre.org/data/definitions/22.html; https://cwe.mitre.org/data/definitions/78.html; https://cwe.mitre.org/data/definitions/703.html; https://cwe.mitre.org/data/definitions/400.html; https://cwe.mitre.org/data/definitions/259.html; https://cwe.mitre.org/data/definitions/295.html; https://cwe.mitre.org/data/definitions/89.html; https://cwe.mitre.org/data/definitions/502.html; https://cwe.mitre.org/data/definitions/605.html; https://cwe.mitre.org/data/definitions/327.html; https://cwe.mitre.org/data/definitions/330.html; https://cwe.mitre.org/data/definitions/20.html
91,12,https://cwe.mitre.org/data/definitions/22.html; https://cwe.mitre.org/data/definitions/78.html; https://cwe.mitre.org/data/definitions/703.html; https://cwe.mitre.org/data/definitions/400.html; https://cwe.mitre.org/data/definitions/259.html; https://cwe.mitre.org/data/definitions/295.html; https://cwe.mitre.org/data/definitions/89.html; https://cwe.mitre.org/data/definitions/502.html; https://cwe.mitre.org/data/definitions/605.html; https://cwe.mitre.org/data/definitions/327.html; https://cwe.mitre.org/data/definitions/330.html; https://cwe.mitre.org/data/definitions/20.html
92,12,https://cwe.mitre.org/data/definitions/22.html; https://cwe.mitre.org/data/definitions/78.html; https://cwe.mitre.org/data/definitions/703.html; https://cwe.mitre.org/data/definitions/400.html; https://cwe.mitre.org/data/definitions/259.html; https://cwe.mitre.org/data/definitions/295.html; https://cwe.mitre.org/data/definitions/89.html; https://cwe.mitre.org/data/definitions/502.html; https://cwe.mitre.org/data/definitions/605.html; https://cwe.mitre.org/data/definitions/327.html; https://cwe.mitre.org/data/definitions/330.html; https://cwe.mitre.org/data/definitions/20.html
93,12,https://cwe.mitre.org/data/definitions/22.html; https://cwe.mitre.org/data/definitions/78.html; https://cwe.mitre.org/data/definitions/703.html; https://cwe.mitre.org/data/definitions/400.html; https://cwe.mitre.org/data/definitions/259.html; https://cwe.mitre.org/data/definitions/295.html; https://cwe.mitre.org/data/definitions/89.html; https://cwe.mitre.org/data/definitions/502.html; https://cwe.mitre.org/data/definitions/605.html; https://cwe.mitre.org/data/definitions/327.html; https://cwe.mitre.org/data/definitions/330.html; https://cwe.mitre.org/data/definitions/20.html
94,12,https://cwe.mitre.org/data/definitions/22.html; https://cwe.mitre.org/data/definitions/78.html; https://cwe.mitre.org/data/definitions/703.html; https://cwe.mitre.org/data/definitions/400.html; https://cwe.mitre.org/data/definitions/259.html; https://cwe.mitre.org/data/definitions/295.html; https://cwe.mitre.org/data/definitions/89.html; https://cwe.mitre.org/data/definitions/502.html; https://cwe.mitre.org/data/definitions/605.html; https://cwe.mitre.org/data/definitions/327.html; https://cwe.mitre.org/data/definitions/330.html; https://cwe.mitre.org/data/definitions/20.html
95,12,https://cwe.mitre.org/data/definitions/22.html; https://cwe.mitre.org/data/definitions/78.html; https://cwe.mitre.org/data/definitions/703.html; https://cwe.mitre.org/data/definitions/400.html; https://cwe.mitre.org/data/definitions/259.html; https://cwe.mitre.org/data/definitions/295.html; https://cwe.mitre.org/data/definitions/89.html; https://cwe.mitre.org/data/definitions/502.html; https://cwe.mitre.org/data/definitions/605.html; https://cwe.mitre.org/data/definitions/327.html; https://cwe.mitre.org/data/definitions/330.html; https://cwe.mitre.org/data/definitions/20.html
96,12,https://cwe.mitre.org/data/definitions/22.html; https://cwe.mitre.org/data/definitions/78.html; https://cwe.mitre.org/data/definitions/703.html; https://cwe.mitre.org/data/definitions/400.html; https://cwe.mitre.org/data/definitions/259.html; https://cwe.mitre.org/data/definitions/295.html; https://cwe.mitre.org/data/definitions/89.html; https://cwe.mitre.org/data/definitions/502.html; https://cwe.mitre.org/data/definitions/605.html; https://cwe.mitre.org/data/definitions/327.html; https://cwe.mitre.org/data/definitions/330.html; https://cwe.mitre.org/data/definitions/20.html
97,12,https://cwe.mitre.org/data/definitions/22.html; https://cwe.mitre.org/data/definitions/78.html; https://cwe.mitre.org/data/definitions/703.html; https://cwe.mitre.org/data/definitions/400.html; https://cwe.mitre.org/data/definitions/259.html; https://cwe.mitre.org/data/definitions/295.html; https://cwe.mitre.org/data/definitions/89.html; https://cwe.mitre.org/data/definitions/502.html; https://cwe.mitre.org/data/definitions/605.html; https://cwe.mitre.org/data/definitions/327.html; https://cwe.mitre.org/data/definitions/330.html; https://cwe.mitre.org/data/definitions/20.html
98,12,https://cwe.mitre.org/data/definitions/22.html; https://cwe.mitre.org/data/definitions/78.html; https://cwe.mitre.org/data/definitions/703.html; https://cwe.mitre.org/data/definitions/400.html; https://cwe.mitre.org/data/definitions/259.html; https://cwe.mitre.org/data/definitions/295.html; https://cwe.mitre.org/data/definitions/89.html; https://cwe.mitre.org/data/definitions/502.html; https://cwe.mitre.org/data/definitions/605.html; https://cwe.mitre.org/data/definitions/327.html; https://cwe.mitre.org/data/definitions/330.html; https://cwe.mitre.org/data/definitions/20.html
99,12,https://cwe.mitre.org/data/definitions/22.html; https://cwe.mitre.org/data/definitions/78.html; https://cwe.mitre.org/data/definitions/703.html; https://cwe.mitre.org/data/definitions/400.html; https://cwe.mitre.org/data/definitions/259.html; https://cwe.mitre.org/data/definitions/295.html; https://cwe.mitre.org/data/definitions/89.html; https://cwe.mitre.org/data/definitions/502.html; https://cwe.mitre.org/data/definitions/605.html; https://cwe.mitre.org/data/definitions/327.html; https://cwe.mitre.org/data/definitions/330.html; https://cwe.mitre.org/data/definitions/20.html
100,12,https://cwe.mitre.org/data/definitions/22.html; https://cwe.mitre.org/data/definitions/78.html; https://cwe.mitre.org/data/definitions/703.html; https://cwe.mitre.org/data/definitions/400.html; https://cwe.mitre.org/data/definitions/259.html; https://cwe.mitre.org/data/definitions/295.html; https://cwe.mitre.org/data/definitions/89.html; https://cwe.mitre.org/data/definitions/502.html; https://cwe.mitre.org/data/definitions/605.html; https://cwe.mitre.org/data/definitions/327.html; https://cwe.mitre.org/data/definitions/330.html; https://cwe.mitre.org/data/definitions/20.html
